[
    {
        "title": "아시아나항공사의 취소 위약금 과다 및 상황…(1)",
        "category": "항공&여행",
        "datetime": "10-08",
        "company": "아시아나항공"
    },
    {
        "title": "아시아나 마일리지 샤용(1)",
        "category": "항공&여행",
        "datetime": "11-26",
        "company": "아시아나항공"
    },
    {
        "title": "해당사 홈페이지의 <머알리지 사용몰>에 …(1)",
        "category": "항공&여행",
        "datetime": "10-05",
        "company": "아시아나항공"
    },
    {
        "title": "마일리지 몰이 관리가 안됩니다. (1)",
        "category": "항공&여행",
        "datetime": "10-04",
        "company": "아시아나항공"
    },
    {
        "title": "좌석비용 사기판매(1)",
        "category": "항공&여행",
        "datetime": "10-04",
        "company": "제주항공"
    },
    {
        "title": "구매 포인트 환불(1)",
        "category": "항공&여행",
        "datetime": "08-21",
        "company": "제주항공"
    },
    {
        "title": "마일리지 사용 불가(1)",
        "category": "항공&여행",
        "datetime": "11-12",
        "company": "아시아나항공"
    },
    {
        "title": "호놀룰루 출발 인천공항 도착 수화물 미도착 …(1)",
        "category": "항공&여행",
        "datetime": "11-11",
        "company": "아시아나항공"
    },
    {
        "title": "날짜입력잘못해환불수수료 40%(1)",
        "category": "항공&여행",
        "datetime": "07-20",
        "company": "대한항공"
    },
    {
        "title": "지상직 승무원분들의 태도(1)",
        "category": "항공&여행",
        "datetime": "07-19",
        "company": "진에어"
    },
    {
        "title": "캐리어 파손(1)",
        "category": "항공&여행",
        "datetime": "06-14",
        "company": "제주항공"
    },
    {
        "title": "왕복티케팅했는데 명시없이 편도만 환불불가…(1)",
        "category": "항공&여행",
        "datetime": "08-27",
        "company": "진에어"
    },
    {
        "title": "마일리지 사용에 대한 대한항공의 갑질(1)",
        "category": "항공&여행",
        "datetime": "09-25",
        "company": "대한항공"
    },
    {
        "title": "악덕대한항공(1)",
        "category": "항공&여행",
        "datetime": "07-23",
        "company": "대한항공"
    },
    {
        "title": "마일리지몰 사용 불가(1)",
        "category": "항공&여행",
        "datetime": "10-23",
        "company": "아시아나항공"
    },
    {
        "title": "사전좌석 배정시 전방선호좌석 구매유도(1)",
        "category": "항공&여행",
        "datetime": "11-20",
        "company": "대한항공"
    },
    {
        "title": "대한항공 수하물 추가 결제(1)",
        "category": "항공&여행",
        "datetime": "06-23",
        "company": "대한항공"
    },
    {
        "title": "고객 네트워크 환경에 책임전가하는 상황이 …(1)",
        "category": "항공&여행",
        "datetime": "06-23",
        "company": "제주항공"
    },
    {
        "title": "대한항공의 부당결재(1)",
        "category": "항공&여행",
        "datetime": "08-30",
        "company": "대한항공"
    },
    {
        "title": "8월 26일 21시 제주공항에서 대구로가는 비행…(1)",
        "category": "항공&여행",
        "datetime": "08-29",
        "company": "진에어"
    },
    {
        "title": "무료 수화물 허용량 비포함(1)",
        "category": "항공&여행",
        "datetime": "08-19",
        "company": "제주항공"
    },
    {
        "title": "제주항공은 대한민국 항공서비스업체가 아닙…(1)",
        "category": "항공&여행",
        "datetime": "08-08",
        "company": "제주항공"
    },
    {
        "title": "항공사 마일리지 사용할수 없게 소비자를 기…(1)",
        "category": "항공&여행",
        "datetime": "06-07",
        "company": "아시아나항공"
    },
    {
        "title": "갑작스런 비행 스케줄 변경 처리과정(1)",
        "category": "항공&여행",
        "datetime": "06-07",
        "company": "대한항공"
    },
    {
        "title": "캐리어 파손 및 보상미흡(1)",
        "category": "항공&여행",
        "datetime": "09-13",
        "company": "진에어"
    },
    {
        "title": "직원 실수로 인해 비행기를 놓쳤습니다(1)",
        "category": "항공&여행",
        "datetime": "09-13",
        "company": "진에어"
    },
    {
        "title": "마일리지 사용 불가(1)",
        "category": "항공&여행",
        "datetime": "11-28",
        "company": "아시아나항공"
    },
    {
        "title": "대한항공 김포->제주 비행 연착 및 회항 사…(1)",
        "category": "항공&여행",
        "datetime": "11-28",
        "company": "대한항공"
    },
    {
        "title": "노후 기종/불량 비즈니스석/고객 클레임 대응…(1)",
        "category": "항공&여행",
        "datetime": "11-27",
        "company": "대한항공"
    },
    {
        "title": "아시아나항공사 쇼핑몰 매진으로 마일리지 …(1)",
        "category": "항공&여행",
        "datetime": "11-27",
        "company": "아시아나항공"
    },
    {
        "title": "포인트 삭제(1)",
        "category": "항공&여행",
        "datetime": "06-21",
        "company": "제주항공"
    },
    {
        "title": "수화물 파손으로 인한 제주항공 고발합니다.(1)",
        "category": "항공&여행",
        "datetime": "07-02",
        "company": "제주항공"
    },
    {
        "title": "회원등급 하향 (1)",
        "category": "항공&여행",
        "datetime": "11-04",
        "company": "아시아나항공"
    },
    {
        "title": "비행기 일방적 퇴거(1)",
        "category": "항공&여행",
        "datetime": "11-04",
        "company": "아시아나항공"
    },
    {
        "title": "일방적인 자리양도 및 지연",
        "category": "항공&여행",
        "datetime": "11-03",
        "company": "아시아나항공"
    },
    {
        "title": "기분나쁜 신혼여행이 되었어요.(1)",
        "category": "항공&여행",
        "datetime": "11-05",
        "company": "대한항공"
    },
    {
        "title": "마일리지 사용 불가(1)",
        "category": "항공&여행",
        "datetime": "11-05",
        "company": "아시아나항공"
    },
    {
        "title": "아시아나항공 oz마일리지몰 마일리지 사용이 …(1)",
        "category": "항공&여행",
        "datetime": "11-25",
        "company": "아시아나항공"
    },
    {
        "title": "제주 대한항공 직원교육에 개선부탁드립니다(1)",
        "category": "항공&여행",
        "datetime": "11-23",
        "company": "대한항공"
    },
    {
        "title": "제주항공대책 어처구니없습니다 저가항공이…(1)",
        "category": "항공&여행",
        "datetime": "11-22",
        "company": "제주항공"
    },
    {
        "title": "마일리지 소멸 관련(1)",
        "category": "항공&여행",
        "datetime": "10-07",
        "company": "아시아나항공"
    },
    {
        "title": "마일리지 소멸(1)",
        "category": "항공&여행",
        "datetime": "10-06",
        "company": "아시아나항공"
    },
    {
        "title": "출발시간이  엉망입니다(1)",
        "category": "항공&여행",
        "datetime": "10-28",
        "company": "대한항공"
    },
    {
        "title": "티켓 환불과 소통의 문제(1)",
        "category": "항공&여행",
        "datetime": "06-13",
        "company": "아시아나항공"
    },
    {
        "title": "여행용가방 지퍼손잡이 파손(1)",
        "category": "항공&여행",
        "datetime": "06-13",
        "company": "제주항공"
    },
    {
        "title": "항공권 낮은 운임으로의 변경(1)",
        "category": "항공&여행",
        "datetime": "08-19",
        "company": "진에어"
    },
    {
        "title": "하나여행(1)",
        "category": "항공&여행",
        "datetime": "08-17",
        "company": "제주항공"
    },
    {
        "title": "정확한탑승정보 미제공 및 여행사로의 책임…(1)",
        "category": "항공&여행",
        "datetime": "08-13",
        "company": "제주항공"
    },
    {
        "title": "취소처리에 따른 환불 불가(1)",
        "category": "항공&여행",
        "datetime": "11-19",
        "company": "진에어"
    },
    {
        "title": "제주항공 티켓 환불 금액이 0원이라니요?(1)",
        "category": "항공&여행",
        "datetime": "11-19",
        "company": "제주항공"
    },
    {
        "title": "취소처리에 따른 환불불가(1)",
        "category": "항공&여행",
        "datetime": "11-19",
        "company": "제주항공"
    },
    {
        "title": "외부수화물 캐리어 잠금장치 파손 보상 거부…(1)",
        "category": "항공&여행",
        "datetime": "11-18",
        "company": "진에어"
    },
    {
        "title": "추락(1)",
        "category": "항공&여행",
        "datetime": "06-19",
        "company": "대한항공"
    },
    {
        "title": "항공권 취소 시 과도한 수수료 부과에 대한 …(1)",
        "category": "항공&여행",
        "datetime": "07-23",
        "company": "제주항공"
    },
    {
        "title": "항공권(공동운항) 티켓 판매에 대한 모호한 …(1)",
        "category": "항공&여행",
        "datetime": "07-22",
        "company": "아시아나항공"
    },
    {
        "title": "비행기 지연 대책없음(1)",
        "category": "항공&여행",
        "datetime": "07-21",
        "company": "진에어"
    },
    {
        "title": "당일날 4시간이상 비행기가 지연되었습니다(1)",
        "category": "항공&여행",
        "datetime": "07-21",
        "company": "제주항공"
    },
    {
        "title": "아시아나 공동운항 공지 및 체크인서비스 미…(1)",
        "category": "항공&여행",
        "datetime": "11-30",
        "company": "아시아나항공"
    },
    {
        "title": "고객센터 실수로 비즈니스 승급이 취소 됬는…(1)",
        "category": "항공&여행",
        "datetime": "11-30",
        "company": "대한항공"
    },
    {
        "title": "고객센터 실수로 예약한 건이 취소되었는데 …(1)",
        "category": "항공&여행",
        "datetime": "11-30",
        "company": "대한항공"
    },
    {
        "title": "출항지연에 따른 피해발생.(1)",
        "category": "항공&여행",
        "datetime": "11-29",
        "company": "대한항공"
    },
    {
        "title": "대한항공 결항대처 어이없음(1)",
        "category": "항공&여행",
        "datetime": "11-28",
        "company": "대한항공"
    },
    {
        "title": "결항으로 오키나와 체류중... 항공사 무대응(1)",
        "category": "항공&여행",
        "datetime": "11-28",
        "company": "대한항공"
    },
    {
        "title": "아시아나 게이트에서 케리어 짐 수화물 무거…(1)",
        "category": "항공&여행",
        "datetime": "09-12",
        "company": "아시아나항공"
    },
    {
        "title": "취소수수료 과다로 인한 불만(1)",
        "category": "항공&여행",
        "datetime": "10-22",
        "company": "제주항공"
    },
    {
        "title": "마일리지 사용하라면서 마일리지몰에 판매품…(1)",
        "category": "항공&여행",
        "datetime": "10-22",
        "company": "아시아나항공"
    },
    {
        "title": "마일리지 소멸관련건(1)",
        "category": "항공&여행",
        "datetime": "10-30",
        "company": "아시아나항공"
    },
    {
        "title": "항공 지연 도착 심야로 인한 귀가 어려움(1)",
        "category": "항공&여행",
        "datetime": "08-26",
        "company": "진에어"
    },
    {
        "title": "항공기 지연 및 정보 미안내에 따른 피해(1)",
        "category": "항공&여행",
        "datetime": "08-25",
        "company": "제주항공"
    },
    {
        "title": "제주항공 고발합니다(1)",
        "category": "항공&여행",
        "datetime": "07-27",
        "company": "제주항공"
    },
    {
        "title": "항공권 횡포 갑질 만행(1)",
        "category": "항공&여행",
        "datetime": "10-15",
        "company": "대한항공"
    },
    {
        "title": "마일리지 쇼핑몰 지속 품절 상태(1)",
        "category": "항공&여행",
        "datetime": "10-15",
        "company": "아시아나항공"
    },
    {
        "title": "마일리지 몰 운영 행태(1)",
        "category": "항공&여행",
        "datetime": "10-15",
        "company": "아시아나항공"
    },
    {
        "title": "제주항공 병환신청 환불신고 민원(1)",
        "category": "항공&여행",
        "datetime": "10-15",
        "company": "제주항공"
    },
    {
        "title": "일관되지 않은 업부처리로 인한 재정손해(1)",
        "category": "항공&여행",
        "datetime": "10-15",
        "company": "아시아나항공"
    },
    {
        "title": "항공사측 스케줄 변동으로 인한 손해(1)",
        "category": "항공&여행",
        "datetime": "06-24",
        "company": "진에어"
    },
    {
        "title": "항공권 이름 띄워쓰기 변경(1)",
        "category": "항공&여행",
        "datetime": "07-08",
        "company": "대한항공"
    },
    {
        "title": "케리어 파손 보상(1)",
        "category": "항공&여행",
        "datetime": "07-08",
        "company": "제주항공"
    },
    {
        "title": "항공 지연(1)",
        "category": "항공&여행",
        "datetime": "07-07",
        "company": "진에어"
    },
    {
        "title": "취소및변경수수료(1)",
        "category": "항공&여행",
        "datetime": "11-18",
        "company": "제주항공"
    },
    {
        "title": "마일리지몰의 사기(1)",
        "category": "항공&여행",
        "datetime": "11-18",
        "company": "아시아나항공"
    },
    {
        "title": "항공권 변경 및 환불 (1)",
        "category": "항공&여행",
        "datetime": "06-10",
        "company": "아시아나항공"
    },
    {
        "title": "스케줄 변경 통보(1)",
        "category": "항공&여행",
        "datetime": "11-22",
        "company": "제주항공"
    },
    {
        "title": "마일리지 항공권 유류할증료 결제 (1)",
        "category": "항공&여행",
        "datetime": "11-21",
        "company": "아시아나항공"
    },
    {
        "title": "캐리어 찌그러짐(1)",
        "category": "항공&여행",
        "datetime": "11-11",
        "company": "아시아나항공"
    },
    {
        "title": "마일리지 사용불가 (1)",
        "category": "항공&여행",
        "datetime": "11-09",
        "company": "아시아나항공"
    },
    {
        "title": "와이페이모어 환불 신청(1)",
        "category": "항공&여행",
        "datetime": "10-28",
        "company": "진에어"
    },
    {
        "title": "가족마일리지 등록 거부의 건(1)",
        "category": "항공&여행",
        "datetime": "07-31",
        "company": "대한항공"
    },
    {
        "title": "마일리지 소멸관련건(1)",
        "category": "항공&여행",
        "datetime": "11-01",
        "company": "아시아나항공"
    },
    {
        "title": "결항에 대한 취소 수수료 환불 불가 받았습니…(1)",
        "category": "항공&여행",
        "datetime": "10-31",
        "company": "대한항공"
    },
    {
        "title": "마일리지 사용할수가 없어요(1)",
        "category": "항공&여행",
        "datetime": "10-03",
        "company": "아시아나항공"
    },
    {
        "title": "상습적인지연(1)",
        "category": "항공&여행",
        "datetime": "10-03",
        "company": "진에어"
    },
    {
        "title": "아시아나항공  OZ마일샵 이용 관련 (1)",
        "category": "항공&여행",
        "datetime": "10-02",
        "company": "아시아나항공"
    },
    {
        "title": "수하물 파손(1)",
        "category": "항공&여행",
        "datetime": "09-20",
        "company": "제주항공"
    },
    {
        "title": "이곳의 마일리지 사용은 불법인것 같아요(1)",
        "category": "항공&여행",
        "datetime": "11-14",
        "company": "아시아나항공"
    },
    {
        "title": "구매자가 문의를 할 수 없게 만들어 놓은 시…(1)",
        "category": "항공&여행",
        "datetime": "08-14",
        "company": "제주항공"
    },
    {
        "title": "소멸예정 마일리지 사용부분(1)",
        "category": "항공&여행",
        "datetime": "11-30",
        "company": "아시아나항공"
    },
    {
        "title": "지연ㆍ결항(1)",
        "category": "항공&여행",
        "datetime": "07-24",
        "company": "제주항공"
    },
    {
        "title": "직원(항공사)측의 귀책으로 인한 탑승불가(1)",
        "category": "항공&여행",
        "datetime": "10-26",
        "company": "제주항공"
    },
    {
        "title": "지연배상금 일괄 누락(1)",
        "category": "항공&여행",
        "datetime": "09-15",
        "company": "제주항공"
    },
    {
        "title": "마일리지 소멸 계산 (1)",
        "category": "항공&여행",
        "datetime": "07-12",
        "company": "대한항공"
    },
    {
        "title": "캐리어 파손(1)",
        "category": "항공&여행",
        "datetime": "08-07",
        "company": "진에어"
    },
    {
        "title": "서비스 불만족(1)",
        "category": "항공&여행",
        "datetime": "08-06",
        "company": "대한항공"
    }
]